<?xml version="1.0" encoding="utf-8" standalone="yes"?>
<rss version="2.0" xmlns:atom="http://www.w3.org/2005/Atom">
  <channel>
    <title>价格 on Vchv - 书写过往，让前路更清晰</title>
    <link>https://vchv.tk/tags/%E4%BB%B7%E6%A0%BC/</link>
    <description>Recent content in 价格 on Vchv - 书写过往，让前路更清晰</description>
    <generator>Hugo -- gohugo.io</generator>
    <language>en</language>
    <copyright>vchv</copyright>
    <lastBuildDate>Tue, 03 Dec 2019 20:30:04 +0800</lastBuildDate>
    
	<atom:link href="https://vchv.tk/tags/%E4%BB%B7%E6%A0%BC/index.xml" rel="self" type="application/rss+xml" />
    
    
    <item>
      <title>经济学课之一（稀缺、成本、需求、价格）</title>
      <link>https://vchv.tk/economics-about-scarce-cost-demand-and-price/</link>
      <pubDate>Tue, 03 Dec 2019 20:30:04 +0800</pubDate>
      
      <guid>https://vchv.tk/economics-about-scarce-cost-demand-and-price/</guid>
      <description>前言 经济是一种研究资源是如何分配的学科，这必然会深刻的影响和决定政治。 人类世界的四大基本约束：东西不够；生命有限；互相依赖；需要协调。 关注作</description>
    </item>
    
  </channel>
</rss>