<?xml version="1.0" encoding="utf-8" standalone="yes"?>
<rss version="2.0" xmlns:atom="http://www.w3.org/2005/Atom">
  <channel>
    <title>浪潮之巅 on Vchv - 书写过往，让前路更清晰</title>
    <link>https://vchv.tk/tags/%E6%B5%AA%E6%BD%AE%E4%B9%8B%E5%B7%85/</link>
    <description>Recent content in 浪潮之巅 on Vchv - 书写过往，让前路更清晰</description>
    <generator>Hugo -- gohugo.io</generator>
    <language>en</language>
    <copyright>vchv</copyright>
    <lastBuildDate>Tue, 24 Dec 2019 20:51:04 +0800</lastBuildDate>
    
	<atom:link href="https://vchv.tk/tags/%E6%B5%AA%E6%BD%AE%E4%B9%8B%E5%B7%85/index.xml" rel="self" type="application/rss+xml" />
    
    
    <item>
      <title>浪潮之巅</title>
      <link>https://vchv.tk/top-of-the-wave/</link>
      <pubDate>Tue, 24 Dec 2019 20:51:04 +0800</pubDate>
      
      <guid>https://vchv.tk/top-of-the-wave/</guid>
      <description>前言 按照《如何快速阅读》，先是经别人力荐，为了理解科技行业。看了豆瓣评分（9.0），拿到书后，看了前言、序和目录，文笔不花哨但精准传递信息很</description>
    </item>
    
  </channel>
</rss>