<?xml version="1.0" encoding="utf-8" standalone="yes"?>
<rss version="2.0" xmlns:atom="http://www.w3.org/2005/Atom">
  <channel>
    <title>经济学辞典 on Vchv - 书写过往，让前路更清晰</title>
    <link>https://vchv.tk/tags/%E7%BB%8F%E6%B5%8E%E5%AD%A6%E8%BE%9E%E5%85%B8/</link>
    <description>Recent content in 经济学辞典 on Vchv - 书写过往，让前路更清晰</description>
    <generator>Hugo -- gohugo.io</generator>
    <language>en</language>
    <copyright>vchv</copyright>
    <lastBuildDate>Sun, 22 Dec 2019 20:30:04 +0800</lastBuildDate>
    
	<atom:link href="https://vchv.tk/tags/%E7%BB%8F%E6%B5%8E%E5%AD%A6%E8%BE%9E%E5%85%B8/index.xml" rel="self" type="application/rss+xml" />
    
    
    <item>
      <title>经济学课之五（经济学辞典）</title>
      <link>https://vchv.tk/economics-about-glossary/</link>
      <pubDate>Sun, 22 Dec 2019 20:30:04 +0800</pubDate>
      
      <guid>https://vchv.tk/economics-about-glossary/</guid>
      <description>前言 有记录的时间已经达到了46小时，Amazing！ 一个统领前面的章节，加油搞定吧ヾ(๑╹◡╹)ﾉ&amp;rdquo; 东西不够 哪怕物质的总量不发生</description>
    </item>
    
  </channel>
</rss>