<?xml version="1.0" encoding="utf-8" standalone="yes"?>
<rss version="2.0" xmlns:atom="http://www.w3.org/2005/Atom">
  <channel>
    <title>空间 on Vchv - 书写过往，让前路更清晰</title>
    <link>https://vchv.tk/tags/%E7%A9%BA%E9%97%B4/</link>
    <description>Recent content in 空间 on Vchv - 书写过往，让前路更清晰</description>
    <generator>Hugo -- gohugo.io</generator>
    <language>en</language>
    <copyright>vchv</copyright>
    <lastBuildDate>Sun, 01 Mar 2020 20:30:04 +0800</lastBuildDate>
    
	<atom:link href="https://vchv.tk/tags/%E7%A9%BA%E9%97%B4/index.xml" rel="self" type="application/rss+xml" />
    
    
    <item>
      <title>心理学课之四（觉知、空间）</title>
      <link>https://vchv.tk/aware-and-space/</link>
      <pubDate>Sun, 01 Mar 2020 20:30:04 +0800</pubDate>
      
      <guid>https://vchv.tk/aware-and-space/</guid>
      <description>新知 我感觉内容越来越神神叨叨，主要是概念本身不清晰了、概念之间的关系不清晰了，很多都是作者的个人体验，如果没有较强的鉴别能力，看这个还是挺危</description>
    </item>
    
  </channel>
</rss>