<?xml version="1.0" encoding="utf-8" standalone="yes"?>
<rss version="2.0" xmlns:atom="http://www.w3.org/2005/Atom">
  <channel>
    <title>自我 on Vchv - 书写过往，让前路更清晰</title>
    <link>https://vchv.tk/tags/%E8%87%AA%E6%88%91/</link>
    <description>Recent content in 自我 on Vchv - 书写过往，让前路更清晰</description>
    <generator>Hugo -- gohugo.io</generator>
    <language>en</language>
    <copyright>vchv</copyright>
    <lastBuildDate>Thu, 02 Jan 2020 20:30:04 +0800</lastBuildDate>
    
	<atom:link href="https://vchv.tk/tags/%E8%87%AA%E6%88%91/index.xml" rel="self" type="application/rss+xml" />
    
    
    <item>
      <title>心理学课之一（命运、自我）</title>
      <link>https://vchv.tk/destiny-and-ego-of-psychology/</link>
      <pubDate>Thu, 02 Jan 2020 20:30:04 +0800</pubDate>
      
      <guid>https://vchv.tk/destiny-and-ego-of-psychology/</guid>
      <description>前言 武志红老师的心理学课是得到的四大金刚课之一，一看就很有体系，很有深度，很有可学的价值，人生的打底课，现在学习累点，但为了打好底，一切都是</description>
    </item>
    
  </channel>
</rss>