<?xml version="1.0" encoding="utf-8" standalone="yes"?>
<rss version="2.0" xmlns:atom="http://www.w3.org/2005/Atom">
  <channel>
    <title>数学通识 on Vchv - 书写过往，让前路更清晰</title>
    <link>https://vchv.tk/tags/%E6%95%B0%E5%AD%A6%E9%80%9A%E8%AF%86/</link>
    <description>Recent content in 数学通识 on Vchv - 书写过往，让前路更清晰</description>
    <generator>Hugo -- gohugo.io</generator>
    <language>en</language>
    <copyright>vchv</copyright>
    <lastBuildDate>Sat, 11 Jan 2020 22:30:04 +0800</lastBuildDate>
    
	<atom:link href="https://vchv.tk/tags/%E6%95%B0%E5%AD%A6%E9%80%9A%E8%AF%86/index.xml" rel="self" type="application/rss+xml" />
    
    
    <item>
      <title>数学通识</title>
      <link>https://vchv.tk/math-common-sense/</link>
      <pubDate>Sat, 11 Jan 2020 22:30:04 +0800</pubDate>
      
      <guid>https://vchv.tk/math-common-sense/</guid>
      <description>前言 培养一下数学的兴趣，不只是为了计算机科学，还为了行测数量，还为了自己的逻辑思考能力。 只有56讲的话，按照我一般的速度，两天就看完了，注意</description>
    </item>
    
  </channel>
</rss>