<?xml version="1.0" encoding="utf-8" standalone="yes"?>
<rss version="2.0" xmlns:atom="http://www.w3.org/2005/Atom">
  <channel>
    <title>笔记本 on Vchv - 书写过往，让前路更清晰</title>
    <link>https://vchv.tk/tags/%E7%AC%94%E8%AE%B0%E6%9C%AC/</link>
    <description>Recent content in 笔记本 on Vchv - 书写过往，让前路更清晰</description>
    <generator>Hugo -- gohugo.io</generator>
    <language>en</language>
    <copyright>vchv</copyright>
    <lastBuildDate>Sat, 14 Dec 2019 19:30:04 +0800</lastBuildDate>
    
	<atom:link href="https://vchv.tk/tags/%E7%AC%94%E8%AE%B0%E6%9C%AC/index.xml" rel="self" type="application/rss+xml" />
    
    
    <item>
      <title>小新Pro13初体验</title>
      <link>https://vchv.tk/lenovo-xiaoxinpro13/</link>
      <pubDate>Sat, 14 Dec 2019 19:30:04 +0800</pubDate>
      
      <guid>https://vchv.tk/lenovo-xiaoxinpro13/</guid>
      <description>前言 11.21日写了一篇文章，想买笔记本，当时想的是等2020新锐龙APU上市再说，但是因为工作的变动，外出频繁，且一个过年大概10几天，这</description>
    </item>
    
    <item>
      <title>近期的一些购物渴望(计算机产品相关）</title>
      <link>https://vchv.tk/purchase-desire/</link>
      <pubDate>Thu, 21 Nov 2019 18:30:04 +0800</pubDate>
      
      <guid>https://vchv.tk/purchase-desire/</guid>
      <description>前言 写一下最近的购买渴望吧，让躁动的心平静平静，打折的时候也能更好的把握机会。 笔记本 我拿来干什么？ 学习计算机科学（CS学科）的知识，可能从前</description>
    </item>
    
  </channel>
</rss>