<?xml version="1.0" encoding="utf-8" standalone="yes"?>
<rss version="2.0" xmlns:atom="http://www.w3.org/2005/Atom">
  <channel>
    <title>心理学课 on Vchv - 书写过往，让前路更清晰</title>
    <link>https://vchv.tk/tags/%E5%BF%83%E7%90%86%E5%AD%A6%E8%AF%BE/</link>
    <description>Recent content in 心理学课 on Vchv - 书写过往，让前路更清晰</description>
    <generator>Hugo -- gohugo.io</generator>
    <language>en</language>
    <copyright>vchv</copyright>
    <lastBuildDate>Mon, 30 Mar 2020 19:30:04 +0800</lastBuildDate>
    
	<atom:link href="https://vchv.tk/tags/%E5%BF%83%E7%90%86%E5%AD%A6%E8%AF%BE/index.xml" rel="self" type="application/rss+xml" />
    
    
    <item>
      <title>心理学课之五（创造、现实）</title>
      <link>https://vchv.tk/creative-and-reality/</link>
      <pubDate>Mon, 30 Mar 2020 19:30:04 +0800</pubDate>
      
      <guid>https://vchv.tk/creative-and-reality/</guid>
      <description>新知 不要轻易拿你头脑已经有的判断，套用在一个事物上，必须把头脑的判断和知识拿掉，先去深入这个事物，让判断和思考从你和这个事物的【深度关系】中</description>
    </item>
    
    <item>
      <title>心理学课之四（觉知、空间）</title>
      <link>https://vchv.tk/aware-and-space/</link>
      <pubDate>Sun, 01 Mar 2020 20:30:04 +0800</pubDate>
      
      <guid>https://vchv.tk/aware-and-space/</guid>
      <description>新知 我感觉内容越来越神神叨叨，主要是概念本身不清晰了、概念之间的关系不清晰了，很多都是作者的个人体验，如果没有较强的鉴别能力，看这个还是挺危</description>
    </item>
    
    <item>
      <title>心理学课之三（思维、身体、情感）</title>
      <link>https://vchv.tk/reason-feel-spirit/</link>
      <pubDate>Fri, 17 Jan 2020 20:30:04 +0800</pubDate>
      
      <guid>https://vchv.tk/reason-feel-spirit/</guid>
      <description>新知 讲出自己的感受，就是捧出自己的心，用心和别人交流，而不是道理。 面试：讲感受，而不仅是道理，在感受中带出完美的道理。感受的说服力排山倒海。</description>
    </item>
    
    <item>
      <title>心理学课之二（关系、动力）</title>
      <link>https://vchv.tk/relations-and-motive/</link>
      <pubDate>Tue, 07 Jan 2020 20:30:04 +0800</pubDate>
      
      <guid>https://vchv.tk/relations-and-motive/</guid>
      <description>新知 要成为抱持的容器，而不是拿着尺子去评判他人，如果发现别人有什么事实上的谬误，只是询问他就好，不要给别人建议，当他人的老师。 认真倾听别人的</description>
    </item>
    
    <item>
      <title>心理学课之一（命运、自我）</title>
      <link>https://vchv.tk/destiny-and-ego-of-psychology/</link>
      <pubDate>Thu, 02 Jan 2020 20:30:04 +0800</pubDate>
      
      <guid>https://vchv.tk/destiny-and-ego-of-psychology/</guid>
      <description>前言 武志红老师的心理学课是得到的四大金刚课之一，一看就很有体系，很有深度，很有可学的价值，人生的打底课，现在学习累点，但为了打好底，一切都是</description>
    </item>
    
  </channel>
</rss>