<?xml version="1.0" encoding="utf-8" standalone="yes"?>
<rss version="2.0" xmlns:atom="http://www.w3.org/2005/Atom">
  <channel>
    <title>经济学课程 on Vchv - 书写过往，让前路更清晰</title>
    <link>https://vchv.tk/tags/%E7%BB%8F%E6%B5%8E%E5%AD%A6%E8%AF%BE%E7%A8%8B/</link>
    <description>Recent content in 经济学课程 on Vchv - 书写过往，让前路更清晰</description>
    <generator>Hugo -- gohugo.io</generator>
    <language>en</language>
    <copyright>vchv</copyright>
    <lastBuildDate>Sun, 22 Dec 2019 20:30:04 +0800</lastBuildDate>
    
	<atom:link href="https://vchv.tk/tags/%E7%BB%8F%E6%B5%8E%E5%AD%A6%E8%AF%BE%E7%A8%8B/index.xml" rel="self" type="application/rss+xml" />
    
    
    <item>
      <title>经济学课之五（经济学辞典）</title>
      <link>https://vchv.tk/economics-about-glossary/</link>
      <pubDate>Sun, 22 Dec 2019 20:30:04 +0800</pubDate>
      
      <guid>https://vchv.tk/economics-about-glossary/</guid>
      <description>前言 有记录的时间已经达到了46小时，Amazing！ 一个统领前面的章节，加油搞定吧ヾ(๑╹◡╹)ﾉ&amp;rdquo; 东西不够 哪怕物质的总量不发生</description>
    </item>
    
    <item>
      <title>经济学课之四（经济学家、经济学的应用）</title>
      <link>https://vchv.tk/economics-about-economists-and-attribution/</link>
      <pubDate>Tue, 17 Dec 2019 20:30:04 +0800</pubDate>
      
      <guid>https://vchv.tk/economics-about-economists-and-attribution/</guid>
      <description>前言 认识凯恩斯、哈耶克、弗里德曼、阿尔钦、科斯等经济学大家。 新概念新收获 相关性与因果性 事与愿违的政策让我重新思考我自身的主观能动性，经济学全</description>
    </item>
    
    <item>
      <title>经济学课之三（宏观经济学、公共选择）</title>
      <link>https://vchv.tk/economics-about-macroeconomics-public-chooses/</link>
      <pubDate>Sun, 15 Dec 2019 06:30:04 +0800</pubDate>
      
      <guid>https://vchv.tk/economics-about-macroeconomics-public-chooses/</guid>
      <description>新概念新收获 公平与效率的辨析 宏观经济学 033-钞票和选票哪个重要？ 小心思和大现象-宏观经济学为何难？ 货币的起源 商业银行创造货币 中央银行的作用</description>
    </item>
    
    <item>
      <title>经济学课之二（权利、时间、分工、信任）</title>
      <link>https://vchv.tk/economics-about-rights-time-and-trust/</link>
      <pubDate>Sun, 08 Dec 2019 20:30:04 +0800</pubDate>
      
      <guid>https://vchv.tk/economics-about-rights-time-and-trust/</guid>
      <description>新概念新收获 集体所有制、私有制、公有制的优劣之分。 共用品和私用品的区别。 使用光谱来分析事情，不再去寻找一种确定的真理，而是看现实的复杂性。 错</description>
    </item>
    
    <item>
      <title>经济学课之一（稀缺、成本、需求、价格）</title>
      <link>https://vchv.tk/economics-about-scarce-cost-demand-and-price/</link>
      <pubDate>Tue, 03 Dec 2019 20:30:04 +0800</pubDate>
      
      <guid>https://vchv.tk/economics-about-scarce-cost-demand-and-price/</guid>
      <description>前言 经济是一种研究资源是如何分配的学科，这必然会深刻的影响和决定政治。 人类世界的四大基本约束：东西不够；生命有限；互相依赖；需要协调。 关注作</description>
    </item>
    
  </channel>
</rss>