<?xml version="1.0" encoding="utf-8" standalone="yes"?>
<rss version="2.0" xmlns:atom="http://www.w3.org/2005/Atom">
  <channel>
    <title>人生指导 on Vchv - 书写过往，让前路更清晰</title>
    <link>https://vchv.tk/tags/%E4%BA%BA%E7%94%9F%E6%8C%87%E5%AF%BC/</link>
    <description>Recent content in 人生指导 on Vchv - 书写过往，让前路更清晰</description>
    <generator>Hugo -- gohugo.io</generator>
    <language>en</language>
    <copyright>vchv</copyright>
    <lastBuildDate>Tue, 04 Feb 2020 19:30:04 +0800</lastBuildDate>
    
	<atom:link href="https://vchv.tk/tags/%E4%BA%BA%E7%94%9F%E6%8C%87%E5%AF%BC/index.xml" rel="self" type="application/rss+xml" />
    
    
    <item>
      <title>Code-The hidden language of Computer Hardware and Software</title>
      <link>https://vchv.tk/everything-is-code/</link>
      <pubDate>Tue, 04 Feb 2020 19:30:04 +0800</pubDate>
      
      <guid>https://vchv.tk/everything-is-code/</guid>
      <description>前言 Code: The Hidden Language of Computer Hardware and Software 一本被盛赞的计算机科学入门书籍，在不同的地方看到推荐，大概有3+次，根据介绍，推测和Crash Course的CS课程差</description>
    </item>
    
  </channel>
</rss>