<?xml version="1.0" encoding="utf-8" standalone="yes"?>
<rss version="2.0" xmlns:atom="http://www.w3.org/2005/Atom">
  <channel>
    <title>小新Pro13 on Vchv - 书写过往，让前路更清晰</title>
    <link>https://vchv.tk/tags/%E5%B0%8F%E6%96%B0pro13/</link>
    <description>Recent content in 小新Pro13 on Vchv - 书写过往，让前路更清晰</description>
    <generator>Hugo -- gohugo.io</generator>
    <language>en</language>
    <copyright>vchv</copyright>
    <lastBuildDate>Sat, 14 Dec 2019 19:30:04 +0800</lastBuildDate>
    
	<atom:link href="https://vchv.tk/tags/%E5%B0%8F%E6%96%B0pro13/index.xml" rel="self" type="application/rss+xml" />
    
    
    <item>
      <title>小新Pro13初体验</title>
      <link>https://vchv.tk/lenovo-xiaoxinpro13/</link>
      <pubDate>Sat, 14 Dec 2019 19:30:04 +0800</pubDate>
      
      <guid>https://vchv.tk/lenovo-xiaoxinpro13/</guid>
      <description>前言 11.21日写了一篇文章，想买笔记本，当时想的是等2020新锐龙APU上市再说，但是因为工作的变动，外出频繁，且一个过年大概10几天，这</description>
    </item>
    
  </channel>
</rss>