<?xml version="1.0" encoding="utf-8" standalone="yes"?>
<rss version="2.0" xmlns:atom="http://www.w3.org/2005/Atom">
  <channel>
    <title>创造 on Vchv - 书写过往，让前路更清晰</title>
    <link>https://vchv.tk/tags/%E5%88%9B%E9%80%A0/</link>
    <description>Recent content in 创造 on Vchv - 书写过往，让前路更清晰</description>
    <generator>Hugo -- gohugo.io</generator>
    <language>en</language>
    <copyright>vchv</copyright>
    <lastBuildDate>Mon, 30 Mar 2020 19:30:04 +0800</lastBuildDate>
    
	<atom:link href="https://vchv.tk/tags/%E5%88%9B%E9%80%A0/index.xml" rel="self" type="application/rss+xml" />
    
    
    <item>
      <title>心理学课之五（创造、现实）</title>
      <link>https://vchv.tk/creative-and-reality/</link>
      <pubDate>Mon, 30 Mar 2020 19:30:04 +0800</pubDate>
      
      <guid>https://vchv.tk/creative-and-reality/</guid>
      <description>新知 不要轻易拿你头脑已经有的判断，套用在一个事物上，必须把头脑的判断和知识拿掉，先去深入这个事物，让判断和思考从你和这个事物的【深度关系】中</description>
    </item>
    
  </channel>
</rss>