<?xml version="1.0" encoding="utf-8" standalone="yes"?>
<rss version="2.0" xmlns:atom="http://www.w3.org/2005/Atom">
  <channel>
    <title>应用技术 on Vchv - 书写过往，让前路更清晰</title>
    <link>https://vchv.tk/categories/%E5%BA%94%E7%94%A8%E6%8A%80%E6%9C%AF/</link>
    <description>Recent content in 应用技术 on Vchv - 书写过往，让前路更清晰</description>
    <generator>Hugo -- gohugo.io</generator>
    <language>en</language>
    <copyright>vchv</copyright>
    <lastBuildDate>Wed, 15 Apr 2020 13:30:04 +0800</lastBuildDate>
    
	<atom:link href="https://vchv.tk/categories/%E5%BA%94%E7%94%A8%E6%8A%80%E6%9C%AF/index.xml" rel="self" type="application/rss+xml" />
    
    
    <item>
      <title>正确使用Markdown</title>
      <link>https://vchv.tk/use-markdown-in-a-proper-way/</link>
      <pubDate>Wed, 15 Apr 2020 13:30:04 +0800</pubDate>
      
      <guid>https://vchv.tk/use-markdown-in-a-proper-way/</guid>
      <description>良好的习惯 不要滥用标题，注意标题的语义：表明层级关系。所以请按顺序使用，一定不要跳着用；使用**来加粗文段，而不是使用标题。总之，标题的使用</description>
    </item>
    
    <item>
      <title>从零开始搭建一个hugo博客</title>
      <link>https://vchv.tk/build-a-hugo-blog-from-zero/</link>
      <pubDate>Mon, 13 Apr 2020 19:30:04 +0800</pubDate>
      
      <guid>https://vchv.tk/build-a-hugo-blog-from-zero/</guid>
      <description>前言 一个虚拟主机，一个域名，缺一些静态文件，使用 hugo 整点静态文件放上去…… 此次基于 hugo 的 even 主题搭建。 厌倦了 typecho、WordPress 的发</description>
    </item>
    
    <item>
      <title>我在使用的软件分享</title>
      <link>https://vchv.tk/great-software/</link>
      <pubDate>Sat, 04 Apr 2020 19:30:04 +0800</pubDate>
      
      <guid>https://vchv.tk/great-software/</guid>
      <description>前言 之前发在xx的，没有使用 Markdown 排版实在是太糟糕了，现在把它重新写一下。 这些软件的共同特点就是极其小，几乎都是5M以下，中位数可能在2M，但是</description>
    </item>
    
    <item>
      <title>test for gitinfo</title>
      <link>https://vchv.tk/test-for-gitinfo/</link>
      <pubDate>Mon, 30 Mar 2020 19:30:04 +0800</pubDate>
      
      <guid>https://vchv.tk/test-for-gitinfo/</guid>
      <description>this file made for test whether the lastmod is worked. 执行命令 git config core.quotepath false</description>
    </item>
    
    <item>
      <title>Git的逻辑与基本操作</title>
      <link>https://vchv.tk/git-manual/</link>
      <pubDate>Fri, 25 Oct 2019 18:30:04 +0800</pubDate>
      
      <guid>https://vchv.tk/git-manual/</guid>
      <description>前言 本文主要记录自己使用Git的经验和使用中遇到问题如何解决。 Git与GitHub 推荐教程：Progit官方文档； 廖雪峰Git教程 Git是一</description>
    </item>
    
    <item>
      <title>使用hugo和Markdown来写博客</title>
      <link>https://vchv.tk/write-blog-by-hugo/</link>
      <pubDate>Sun, 20 Oct 2019 14:30:04 +0800</pubDate>
      
      <guid>https://vchv.tk/write-blog-by-hugo/</guid>
      <description>前言 梳理杂乱的思绪与生活，便签太丑，没层次，写完更乱了？你可能需要幕布了。 码字发布很简单，但如果想把文章从“A平台”移到“B平台”怎么办？你</description>
    </item>
    
  </channel>
</rss>