<?xml version="1.0" encoding="utf-8" standalone="yes"?>
<rss version="2.0" xmlns:atom="http://www.w3.org/2005/Atom">
  <channel>
    <title>思维、理性 on Vchv - 书写过往，让前路更清晰</title>
    <link>https://vchv.tk/tags/%E6%80%9D%E7%BB%B4%E7%90%86%E6%80%A7/</link>
    <description>Recent content in 思维、理性 on Vchv - 书写过往，让前路更清晰</description>
    <generator>Hugo -- gohugo.io</generator>
    <language>en</language>
    <copyright>vchv</copyright>
    <lastBuildDate>Fri, 17 Jan 2020 20:30:04 +0800</lastBuildDate>
    
	<atom:link href="https://vchv.tk/tags/%E6%80%9D%E7%BB%B4%E7%90%86%E6%80%A7/index.xml" rel="self" type="application/rss+xml" />
    
    
    <item>
      <title>心理学课之三（思维、身体、情感）</title>
      <link>https://vchv.tk/reason-feel-spirit/</link>
      <pubDate>Fri, 17 Jan 2020 20:30:04 +0800</pubDate>
      
      <guid>https://vchv.tk/reason-feel-spirit/</guid>
      <description>新知 讲出自己的感受，就是捧出自己的心，用心和别人交流，而不是道理。 面试：讲感受，而不仅是道理，在感受中带出完美的道理。感受的说服力排山倒海。</description>
    </item>
    
  </channel>
</rss>