<?xml version="1.0" encoding="utf-8" standalone="yes"?>
<rss version="2.0" xmlns:atom="http://www.w3.org/2005/Atom">
  <channel>
    <title>年终总结 on Vchv - 书写过往，让前路更清晰</title>
    <link>https://vchv.tk/tags/%E5%B9%B4%E7%BB%88%E6%80%BB%E7%BB%93/</link>
    <description>Recent content in 年终总结 on Vchv - 书写过往，让前路更清晰</description>
    <generator>Hugo -- gohugo.io</generator>
    <language>en</language>
    <copyright>vchv</copyright>
    <lastBuildDate>Mon, 23 Dec 2019 20:30:04 +0800</lastBuildDate>
    
	<atom:link href="https://vchv.tk/tags/%E5%B9%B4%E7%BB%88%E6%80%BB%E7%BB%93/index.xml" rel="self" type="application/rss+xml" />
    
    
    <item>
      <title>2019年总结2020年规划</title>
      <link>https://vchv.tk/summary-of-2019/</link>
      <pubDate>Mon, 23 Dec 2019 20:30:04 +0800</pubDate>
      
      <guid>https://vchv.tk/summary-of-2019/</guid>
      <description>前言 2019年是焦虑的一年，也是很有收获的一年。将时间和精力变得真实可触摸是最大的收获也是产生焦虑的部分原因。 2019年大概干了几件事：计算</description>
    </item>
    
  </channel>
</rss>