<?xml version="1.0" encoding="utf-8" standalone="yes"?>
<rss version="2.0" xmlns:atom="http://www.w3.org/2005/Atom">
  <channel>
    <title>购物 on Vchv - 书写过往，让前路更清晰</title>
    <link>https://vchv.tk/tags/%E8%B4%AD%E7%89%A9/</link>
    <description>Recent content in 购物 on Vchv - 书写过往，让前路更清晰</description>
    <generator>Hugo -- gohugo.io</generator>
    <language>en</language>
    <copyright>vchv</copyright>
    <lastBuildDate>Thu, 21 Nov 2019 18:30:04 +0800</lastBuildDate>
    
	<atom:link href="https://vchv.tk/tags/%E8%B4%AD%E7%89%A9/index.xml" rel="self" type="application/rss+xml" />
    
    
    <item>
      <title>近期的一些购物渴望(计算机产品相关）</title>
      <link>https://vchv.tk/purchase-desire/</link>
      <pubDate>Thu, 21 Nov 2019 18:30:04 +0800</pubDate>
      
      <guid>https://vchv.tk/purchase-desire/</guid>
      <description>前言 写一下最近的购买渴望吧，让躁动的心平静平静，打折的时候也能更好的把握机会。 笔记本 我拿来干什么？ 学习计算机科学（CS学科）的知识，可能从前</description>
    </item>
    
  </channel>
</rss>