<?xml version="1.0" encoding="utf-8" standalone="yes"?>
<rss version="2.0" xmlns:atom="http://www.w3.org/2005/Atom">
  <channel>
    <title>日常生活 on Vchv - 书写过往，让前路更清晰</title>
    <link>https://vchv.tk/categories/%E6%97%A5%E5%B8%B8%E7%94%9F%E6%B4%BB/</link>
    <description>Recent content in 日常生活 on Vchv - 书写过往，让前路更清晰</description>
    <generator>Hugo -- gohugo.io</generator>
    <language>en</language>
    <copyright>vchv</copyright>
    <lastBuildDate>Thu, 26 Mar 2020 20:30:04 +0800</lastBuildDate>
    
	<atom:link href="https://vchv.tk/categories/%E6%97%A5%E5%B8%B8%E7%94%9F%E6%B4%BB/index.xml" rel="self" type="application/rss+xml" />
    
    
    <item>
      <title>2020年第一季度总结</title>
      <link>https://vchv.tk/the-first-season-of-2020/</link>
      <pubDate>Thu, 26 Mar 2020 20:30:04 +0800</pubDate>
      
      <guid>https://vchv.tk/the-first-season-of-2020/</guid>
      <description>前言 最近这几天总感觉对自己时间和精力的掌控力降低了许多许多，因为工作的地方几个科室在一起，实在是很嘈杂，工作多倒还在其次；休息的地方，也是两</description>
    </item>
    
    <item>
      <title>谈谈舆论，厉害了我的国！</title>
      <link>https://vchv.tk/american-virus-awesome-my-country/</link>
      <pubDate>Fri, 20 Mar 2020 19:30:04 +0800</pubDate>
      
      <guid>https://vchv.tk/american-virus-awesome-my-country/</guid>
      <description>讨论开始于一则国内新闻：美议员要求中赔偿美因疫情造成的损失，因为中隐瞒疫情。接着大家纷纷义愤填膺，怒骂美国太无耻，并言之凿凿疫情起源于美国，</description>
    </item>
    
    <item>
      <title>老罗复出做直播，我的青春回来了</title>
      <link>https://vchv.tk/lao-luo/</link>
      <pubDate>Thu, 19 Mar 2020 23:50:04 +0800</pubDate>
      
      <guid>https://vchv.tk/lao-luo/</guid>
      <description>今天在动态里看到老罗准备去做电商直播的消息，赶忙去微博确认了一下，果然是真的，罗哥还是改不了那副刁样，决心去“颠覆”电商直播。 他似乎是觉得那</description>
    </item>
    
    <item>
      <title>2019年总结2020年规划</title>
      <link>https://vchv.tk/summary-of-2019/</link>
      <pubDate>Mon, 23 Dec 2019 20:30:04 +0800</pubDate>
      
      <guid>https://vchv.tk/summary-of-2019/</guid>
      <description>前言 2019年是焦虑的一年，也是很有收获的一年。将时间和精力变得真实可触摸是最大的收获也是产生焦虑的部分原因。 2019年大概干了几件事：计算</description>
    </item>
    
    <item>
      <title>从修改文章中学到的写作知识</title>
      <link>https://vchv.tk/repair-more-and-more/</link>
      <pubDate>Mon, 16 Dec 2019 20:50:04 +0800</pubDate>
      
      <guid>https://vchv.tk/repair-more-and-more/</guid>
      <description>前言 写完文章，几天后再看，就能发现自己表达不精练的地方，有些会引起歧义，但是稍微修改一下就好了，如果能把每次修改心得记录下来，时时回顾参看，</description>
    </item>
    
    <item>
      <title>打破旧观念，树立新观念</title>
      <link>https://vchv.tk/idea-notion/</link>
      <pubDate>Mon, 16 Dec 2019 20:50:04 +0800</pubDate>
      
      <guid>https://vchv.tk/idea-notion/</guid>
      <description>前言 白纸黑字，来一场破旧立新的旅程，把新的东西树立起来，把旧的东西彻底打倒！ 改变世界很难，改变世界观相对简单。改变世界不是很难，是不可能，因</description>
    </item>
    
    <item>
      <title>小新Pro13初体验</title>
      <link>https://vchv.tk/lenovo-xiaoxinpro13/</link>
      <pubDate>Sat, 14 Dec 2019 19:30:04 +0800</pubDate>
      
      <guid>https://vchv.tk/lenovo-xiaoxinpro13/</guid>
      <description>前言 11.21日写了一篇文章，想买笔记本，当时想的是等2020新锐龙APU上市再说，但是因为工作的变动，外出频繁，且一个过年大概10几天，这</description>
    </item>
    
    <item>
      <title>近期的一些购物渴望(计算机产品相关）</title>
      <link>https://vchv.tk/purchase-desire/</link>
      <pubDate>Thu, 21 Nov 2019 18:30:04 +0800</pubDate>
      
      <guid>https://vchv.tk/purchase-desire/</guid>
      <description>前言 写一下最近的购买渴望吧，让躁动的心平静平静，打折的时候也能更好的把握机会。 笔记本 我拿来干什么？ 学习计算机科学（CS学科）的知识，可能从前</description>
    </item>
    
  </channel>
</rss>