<?xml version="1.0" encoding="utf-8" standalone="yes"?>
<rss version="2.0" xmlns:atom="http://www.w3.org/2005/Atom">
  <channel>
    <title>新冠疫情 on Vchv - 书写过往，让前路更清晰</title>
    <link>https://vchv.tk/tags/%E6%96%B0%E5%86%A0%E7%96%AB%E6%83%85/</link>
    <description>Recent content in 新冠疫情 on Vchv - 书写过往，让前路更清晰</description>
    <generator>Hugo -- gohugo.io</generator>
    <language>en</language>
    <copyright>vchv</copyright>
    <lastBuildDate>Fri, 20 Mar 2020 19:30:04 +0800</lastBuildDate>
    
	<atom:link href="https://vchv.tk/tags/%E6%96%B0%E5%86%A0%E7%96%AB%E6%83%85/index.xml" rel="self" type="application/rss+xml" />
    
    
    <item>
      <title>谈谈舆论，厉害了我的国！</title>
      <link>https://vchv.tk/american-virus-awesome-my-country/</link>
      <pubDate>Fri, 20 Mar 2020 19:30:04 +0800</pubDate>
      
      <guid>https://vchv.tk/american-virus-awesome-my-country/</guid>
      <description>讨论开始于一则国内新闻：美议员要求中赔偿美因疫情造成的损失，因为中隐瞒疫情。接着大家纷纷义愤填膺，怒骂美国太无耻，并言之凿凿疫情起源于美国，</description>
    </item>
    
  </channel>
</rss>