<?xml version="1.0" encoding="utf-8" standalone="yes"?>
<rss version="2.0" xmlns:atom="http://www.w3.org/2005/Atom">
  <channel>
    <title>写作知识 on Vchv - 书写过往，让前路更清晰</title>
    <link>https://vchv.tk/tags/%E5%86%99%E4%BD%9C%E7%9F%A5%E8%AF%86/</link>
    <description>Recent content in 写作知识 on Vchv - 书写过往，让前路更清晰</description>
    <generator>Hugo -- gohugo.io</generator>
    <language>en</language>
    <copyright>vchv</copyright>
    <lastBuildDate>Mon, 16 Dec 2019 20:50:04 +0800</lastBuildDate>
    
	<atom:link href="https://vchv.tk/tags/%E5%86%99%E4%BD%9C%E7%9F%A5%E8%AF%86/index.xml" rel="self" type="application/rss+xml" />
    
    
    <item>
      <title>从修改文章中学到的写作知识</title>
      <link>https://vchv.tk/repair-more-and-more/</link>
      <pubDate>Mon, 16 Dec 2019 20:50:04 +0800</pubDate>
      
      <guid>https://vchv.tk/repair-more-and-more/</guid>
      <description>前言 写完文章，几天后再看，就能发现自己表达不精练的地方，有些会引起歧义，但是稍微修改一下就好了，如果能把每次修改心得记录下来，时时回顾参看，</description>
    </item>
    
  </channel>
</rss>