<?xml version="1.0" encoding="utf-8" standalone="yes"?>
<rss version="2.0" xmlns:atom="http://www.w3.org/2005/Atom">
  <channel>
    <title>时间 on Vchv - 书写过往，让前路更清晰</title>
    <link>https://vchv.tk/tags/%E6%97%B6%E9%97%B4/</link>
    <description>Recent content in 时间 on Vchv - 书写过往，让前路更清晰</description>
    <generator>Hugo -- gohugo.io</generator>
    <language>en</language>
    <copyright>vchv</copyright>
    <lastBuildDate>Sun, 08 Dec 2019 20:30:04 +0800</lastBuildDate>
    
	<atom:link href="https://vchv.tk/tags/%E6%97%B6%E9%97%B4/index.xml" rel="self" type="application/rss+xml" />
    
    
    <item>
      <title>经济学课之二（权利、时间、分工、信任）</title>
      <link>https://vchv.tk/economics-about-rights-time-and-trust/</link>
      <pubDate>Sun, 08 Dec 2019 20:30:04 +0800</pubDate>
      
      <guid>https://vchv.tk/economics-about-rights-time-and-trust/</guid>
      <description>新概念新收获 集体所有制、私有制、公有制的优劣之分。 共用品和私用品的区别。 使用光谱来分析事情，不再去寻找一种确定的真理，而是看现实的复杂性。 错</description>
    </item>
    
  </channel>
</rss>