<?xml version="1.0" encoding="utf-8" standalone="yes"?>
<rss version="2.0" xmlns:atom="http://www.w3.org/2005/Atom">
  <channel>
    <title>观念 on Vchv - 书写过往，让前路更清晰</title>
    <link>https://vchv.tk/tags/%E8%A7%82%E5%BF%B5/</link>
    <description>Recent content in 观念 on Vchv - 书写过往，让前路更清晰</description>
    <generator>Hugo -- gohugo.io</generator>
    <language>en</language>
    <copyright>vchv</copyright>
    <lastBuildDate>Mon, 16 Dec 2019 20:50:04 +0800</lastBuildDate>
    
	<atom:link href="https://vchv.tk/tags/%E8%A7%82%E5%BF%B5/index.xml" rel="self" type="application/rss+xml" />
    
    
    <item>
      <title>打破旧观念，树立新观念</title>
      <link>https://vchv.tk/idea-notion/</link>
      <pubDate>Mon, 16 Dec 2019 20:50:04 +0800</pubDate>
      
      <guid>https://vchv.tk/idea-notion/</guid>
      <description>前言 白纸黑字，来一场破旧立新的旅程，把新的东西树立起来，把旧的东西彻底打倒！ 改变世界很难，改变世界观相对简单。改变世界不是很难，是不可能，因</description>
    </item>
    
  </channel>
</rss>