<?xml version="1.0" encoding="utf-8" standalone="yes"?>
<rss version="2.0" xmlns:atom="http://www.w3.org/2005/Atom">
  <channel>
    <title>宏观经济学 on Vchv - 书写过往，让前路更清晰</title>
    <link>https://vchv.tk/tags/%E5%AE%8F%E8%A7%82%E7%BB%8F%E6%B5%8E%E5%AD%A6/</link>
    <description>Recent content in 宏观经济学 on Vchv - 书写过往，让前路更清晰</description>
    <generator>Hugo -- gohugo.io</generator>
    <language>en</language>
    <copyright>vchv</copyright>
    <lastBuildDate>Sun, 15 Dec 2019 06:30:04 +0800</lastBuildDate>
    
	<atom:link href="https://vchv.tk/tags/%E5%AE%8F%E8%A7%82%E7%BB%8F%E6%B5%8E%E5%AD%A6/index.xml" rel="self" type="application/rss+xml" />
    
    
    <item>
      <title>经济学课之三（宏观经济学、公共选择）</title>
      <link>https://vchv.tk/economics-about-macroeconomics-public-chooses/</link>
      <pubDate>Sun, 15 Dec 2019 06:30:04 +0800</pubDate>
      
      <guid>https://vchv.tk/economics-about-macroeconomics-public-chooses/</guid>
      <description>新概念新收获 公平与效率的辨析 宏观经济学 033-钞票和选票哪个重要？ 小心思和大现象-宏观经济学为何难？ 货币的起源 商业银行创造货币 中央银行的作用</description>
    </item>
    
  </channel>
</rss>