<?xml version="1.0" encoding="utf-8" standalone="yes"?>
<rss version="2.0" xmlns:atom="http://www.w3.org/2005/Atom">
  <channel>
    <title>罗永浩 on Vchv - 书写过往，让前路更清晰</title>
    <link>https://vchv.tk/tags/%E7%BD%97%E6%B0%B8%E6%B5%A9/</link>
    <description>Recent content in 罗永浩 on Vchv - 书写过往，让前路更清晰</description>
    <generator>Hugo -- gohugo.io</generator>
    <language>en</language>
    <copyright>vchv</copyright>
    <lastBuildDate>Thu, 19 Mar 2020 23:50:04 +0800</lastBuildDate>
    
	<atom:link href="https://vchv.tk/tags/%E7%BD%97%E6%B0%B8%E6%B5%A9/index.xml" rel="self" type="application/rss+xml" />
    
    
    <item>
      <title>老罗复出做直播，我的青春回来了</title>
      <link>https://vchv.tk/lao-luo/</link>
      <pubDate>Thu, 19 Mar 2020 23:50:04 +0800</pubDate>
      
      <guid>https://vchv.tk/lao-luo/</guid>
      <description>今天在动态里看到老罗准备去做电商直播的消息，赶忙去微博确认了一下，果然是真的，罗哥还是改不了那副刁样，决心去“颠覆”电商直播。 他似乎是觉得那</description>
    </item>
    
  </channel>
</rss>