<?xml version="1.0" encoding="utf-8" standalone="yes"?>
<rss version="2.0" xmlns:atom="http://www.w3.org/2005/Atom">
  <channel>
    <title>CSS on Vchv - 书写过往，让前路更清晰</title>
    <link>https://vchv.tk/tags/css/</link>
    <description>Recent content in CSS on Vchv - 书写过往，让前路更清晰</description>
    <generator>Hugo -- gohugo.io</generator>
    <language>en</language>
    <copyright>vchv</copyright>
    <lastBuildDate>Sun, 05 Apr 2020 19:30:04 +0800</lastBuildDate>
    
	<atom:link href="https://vchv.tk/tags/css/index.xml" rel="self" type="application/rss+xml" />
    
    
    <item>
      <title>【小甲鱼】零基础学习Web开发（HTML5&amp;CSS3）</title>
      <link>https://vchv.tk/learn-web-design/</link>
      <pubDate>Sun, 05 Apr 2020 19:30:04 +0800</pubDate>
      
      <guid>https://vchv.tk/learn-web-design/</guid>
      <description>前言 根据我在上一个《大前端学习（HTML+CSS）的感言，那么这次的课程就是极具框架化的课程，非常适合学习。 新知 demo.fishc.com HTML5 and CSS 文档 HTML：Hyp</description>
    </item>
    
    <item>
      <title>大前端学习（HTML&#43;CSS）</title>
      <link>https://vchv.tk/html-css/</link>
      <pubDate>Fri, 27 Dec 2019 17:40:04 +0800</pubDate>
      
      <guid>https://vchv.tk/html-css/</guid>
      <description>前言 2020.01.01学到了挺多基础的知识，但我发现我不喜欢调试样式，就像化妆一样，我兴趣不在这个上面，可以转向Python看看，我的时间</description>
    </item>
    
  </channel>
</rss>