<?xml version="1.0" encoding="utf-8" standalone="yes"?>
<rss version="2.0" xmlns:atom="http://www.w3.org/2005/Atom">
  <channel>
    <title>Tags on Vchv - 书写过往，让前路更清晰</title>
    <link>https://vchv.tk/tags/</link>
    <description>Recent content in Tags on Vchv - 书写过往，让前路更清晰</description>
    <generator>Hugo -- gohugo.io</generator>
    <language>en</language>
    <copyright>vchv</copyright>
    <lastBuildDate>Wed, 15 Apr 2020 13:30:04 +0800</lastBuildDate>
    
	<atom:link href="https://vchv.tk/tags/index.xml" rel="self" type="application/rss+xml" />
    
    
    <item>
      <title>markdown</title>
      <link>https://vchv.tk/tags/markdown/</link>
      <pubDate>Wed, 15 Apr 2020 13:30:04 +0800</pubDate>
      
      <guid>https://vchv.tk/tags/markdown/</guid>
      <description></description>
    </item>
    
    <item>
      <title>even</title>
      <link>https://vchv.tk/tags/even/</link>
      <pubDate>Mon, 13 Apr 2020 19:30:04 +0800</pubDate>
      
      <guid>https://vchv.tk/tags/even/</guid>
      <description></description>
    </item>
    
    <item>
      <title>Git</title>
      <link>https://vchv.tk/tags/git/</link>
      <pubDate>Mon, 13 Apr 2020 19:30:04 +0800</pubDate>
      
      <guid>https://vchv.tk/tags/git/</guid>
      <description></description>
    </item>
    
    <item>
      <title>Github</title>
      <link>https://vchv.tk/tags/github/</link>
      <pubDate>Mon, 13 Apr 2020 19:30:04 +0800</pubDate>
      
      <guid>https://vchv.tk/tags/github/</guid>
      <description></description>
    </item>
    
    <item>
      <title>Hugo</title>
      <link>https://vchv.tk/tags/hugo/</link>
      <pubDate>Mon, 13 Apr 2020 19:30:04 +0800</pubDate>
      
      <guid>https://vchv.tk/tags/hugo/</guid>
      <description></description>
    </item>
    
    <item>
      <title>onedrive</title>
      <link>https://vchv.tk/tags/onedrive/</link>
      <pubDate>Mon, 13 Apr 2020 19:30:04 +0800</pubDate>
      
      <guid>https://vchv.tk/tags/onedrive/</guid>
      <description></description>
    </item>
    
    <item>
      <title>博客</title>
      <link>https://vchv.tk/tags/%E5%8D%9A%E5%AE%A2/</link>
      <pubDate>Mon, 13 Apr 2020 19:30:04 +0800</pubDate>
      
      <guid>https://vchv.tk/tags/%E5%8D%9A%E5%AE%A2/</guid>
      <description></description>
    </item>
    
    <item>
      <title>CSS</title>
      <link>https://vchv.tk/tags/css/</link>
      <pubDate>Sun, 05 Apr 2020 19:30:04 +0800</pubDate>
      
      <guid>https://vchv.tk/tags/css/</guid>
      <description></description>
    </item>
    
    <item>
      <title>HTML</title>
      <link>https://vchv.tk/tags/html/</link>
      <pubDate>Sun, 05 Apr 2020 19:30:04 +0800</pubDate>
      
      <guid>https://vchv.tk/tags/html/</guid>
      <description></description>
    </item>
    
    <item>
      <title>前端学习</title>
      <link>https://vchv.tk/tags/%E5%89%8D%E7%AB%AF%E5%AD%A6%E4%B9%A0/</link>
      <pubDate>Sun, 05 Apr 2020 19:30:04 +0800</pubDate>
      
      <guid>https://vchv.tk/tags/%E5%89%8D%E7%AB%AF%E5%AD%A6%E4%B9%A0/</guid>
      <description></description>
    </item>
    
    <item>
      <title>Windows</title>
      <link>https://vchv.tk/tags/windows/</link>
      <pubDate>Sat, 04 Apr 2020 19:30:04 +0800</pubDate>
      
      <guid>https://vchv.tk/tags/windows/</guid>
      <description></description>
    </item>
    
    <item>
      <title>软件分享</title>
      <link>https://vchv.tk/tags/%E8%BD%AF%E4%BB%B6%E5%88%86%E4%BA%AB/</link>
      <pubDate>Sat, 04 Apr 2020 19:30:04 +0800</pubDate>
      
      <guid>https://vchv.tk/tags/%E8%BD%AF%E4%BB%B6%E5%88%86%E4%BA%AB/</guid>
      <description></description>
    </item>
    
    <item>
      <title>创造</title>
      <link>https://vchv.tk/tags/%E5%88%9B%E9%80%A0/</link>
      <pubDate>Mon, 30 Mar 2020 19:30:04 +0800</pubDate>
      
      <guid>https://vchv.tk/tags/%E5%88%9B%E9%80%A0/</guid>
      <description></description>
    </item>
    
    <item>
      <title>心理学课</title>
      <link>https://vchv.tk/tags/%E5%BF%83%E7%90%86%E5%AD%A6%E8%AF%BE/</link>
      <pubDate>Mon, 30 Mar 2020 19:30:04 +0800</pubDate>
      
      <guid>https://vchv.tk/tags/%E5%BF%83%E7%90%86%E5%AD%A6%E8%AF%BE/</guid>
      <description></description>
    </item>
    
    <item>
      <title>现实</title>
      <link>https://vchv.tk/tags/%E7%8E%B0%E5%AE%9E/</link>
      <pubDate>Mon, 30 Mar 2020 19:30:04 +0800</pubDate>
      
      <guid>https://vchv.tk/tags/%E7%8E%B0%E5%AE%9E/</guid>
      <description></description>
    </item>
    
    <item>
      <title>2020第一季度</title>
      <link>https://vchv.tk/tags/2020%E7%AC%AC%E4%B8%80%E5%AD%A3%E5%BA%A6/</link>
      <pubDate>Thu, 26 Mar 2020 20:30:04 +0800</pubDate>
      
      <guid>https://vchv.tk/tags/2020%E7%AC%AC%E4%B8%80%E5%AD%A3%E5%BA%A6/</guid>
      <description></description>
    </item>
    
    <item>
      <title>季度总结</title>
      <link>https://vchv.tk/tags/%E5%AD%A3%E5%BA%A6%E6%80%BB%E7%BB%93/</link>
      <pubDate>Thu, 26 Mar 2020 20:30:04 +0800</pubDate>
      
      <guid>https://vchv.tk/tags/%E5%AD%A3%E5%BA%A6%E6%80%BB%E7%BB%93/</guid>
      <description></description>
    </item>
    
    <item>
      <title>总结</title>
      <link>https://vchv.tk/tags/%E6%80%BB%E7%BB%93/</link>
      <pubDate>Thu, 26 Mar 2020 20:30:04 +0800</pubDate>
      
      <guid>https://vchv.tk/tags/%E6%80%BB%E7%BB%93/</guid>
      <description></description>
    </item>
    
    <item>
      <title>python</title>
      <link>https://vchv.tk/tags/python/</link>
      <pubDate>Mon, 23 Mar 2020 22:30:04 +0800</pubDate>
      
      <guid>https://vchv.tk/tags/python/</guid>
      <description></description>
    </item>
    
    <item>
      <title>编程语言</title>
      <link>https://vchv.tk/tags/%E7%BC%96%E7%A8%8B%E8%AF%AD%E8%A8%80/</link>
      <pubDate>Mon, 23 Mar 2020 22:30:04 +0800</pubDate>
      
      <guid>https://vchv.tk/tags/%E7%BC%96%E7%A8%8B%E8%AF%AD%E8%A8%80/</guid>
      <description></description>
    </item>
    
    <item>
      <title>新冠疫情</title>
      <link>https://vchv.tk/tags/%E6%96%B0%E5%86%A0%E7%96%AB%E6%83%85/</link>
      <pubDate>Fri, 20 Mar 2020 19:30:04 +0800</pubDate>
      
      <guid>https://vchv.tk/tags/%E6%96%B0%E5%86%A0%E7%96%AB%E6%83%85/</guid>
      <description></description>
    </item>
    
    <item>
      <title>罗永浩</title>
      <link>https://vchv.tk/tags/%E7%BD%97%E6%B0%B8%E6%B5%A9/</link>
      <pubDate>Thu, 19 Mar 2020 23:50:04 +0800</pubDate>
      
      <guid>https://vchv.tk/tags/%E7%BD%97%E6%B0%B8%E6%B5%A9/</guid>
      <description></description>
    </item>
    
    <item>
      <title>潜意识</title>
      <link>https://vchv.tk/tags/%E6%BD%9C%E6%84%8F%E8%AF%86/</link>
      <pubDate>Sun, 01 Mar 2020 20:30:04 +0800</pubDate>
      
      <guid>https://vchv.tk/tags/%E6%BD%9C%E6%84%8F%E8%AF%86/</guid>
      <description></description>
    </item>
    
    <item>
      <title>空间</title>
      <link>https://vchv.tk/tags/%E7%A9%BA%E9%97%B4/</link>
      <pubDate>Sun, 01 Mar 2020 20:30:04 +0800</pubDate>
      
      <guid>https://vchv.tk/tags/%E7%A9%BA%E9%97%B4/</guid>
      <description></description>
    </item>
    
    <item>
      <title>觉知</title>
      <link>https://vchv.tk/tags/%E8%A7%89%E7%9F%A5/</link>
      <pubDate>Sun, 01 Mar 2020 20:30:04 +0800</pubDate>
      
      <guid>https://vchv.tk/tags/%E8%A7%89%E7%9F%A5/</guid>
      <description></description>
    </item>
    
    <item>
      <title>Code</title>
      <link>https://vchv.tk/tags/code/</link>
      <pubDate>Tue, 04 Feb 2020 19:30:04 +0800</pubDate>
      
      <guid>https://vchv.tk/tags/code/</guid>
      <description></description>
    </item>
    
    <item>
      <title>人生指导</title>
      <link>https://vchv.tk/tags/%E4%BA%BA%E7%94%9F%E6%8C%87%E5%AF%BC/</link>
      <pubDate>Tue, 04 Feb 2020 19:30:04 +0800</pubDate>
      
      <guid>https://vchv.tk/tags/%E4%BA%BA%E7%94%9F%E6%8C%87%E5%AF%BC/</guid>
      <description></description>
    </item>
    
    <item>
      <title>哲学思维</title>
      <link>https://vchv.tk/tags/%E5%93%B2%E5%AD%A6%E6%80%9D%E7%BB%B4/</link>
      <pubDate>Tue, 04 Feb 2020 19:30:04 +0800</pubDate>
      
      <guid>https://vchv.tk/tags/%E5%93%B2%E5%AD%A6%E6%80%9D%E7%BB%B4/</guid>
      <description></description>
    </item>
    
    <item>
      <title>共情</title>
      <link>https://vchv.tk/tags/%E5%85%B1%E6%83%85/</link>
      <pubDate>Fri, 17 Jan 2020 20:30:04 +0800</pubDate>
      
      <guid>https://vchv.tk/tags/%E5%85%B1%E6%83%85/</guid>
      <description></description>
    </item>
    
    <item>
      <title>思维、理性</title>
      <link>https://vchv.tk/tags/%E6%80%9D%E7%BB%B4%E7%90%86%E6%80%A7/</link>
      <pubDate>Fri, 17 Jan 2020 20:30:04 +0800</pubDate>
      
      <guid>https://vchv.tk/tags/%E6%80%9D%E7%BB%B4%E7%90%86%E6%80%A7/</guid>
      <description></description>
    </item>
    
    <item>
      <title>情感、灵魂</title>
      <link>https://vchv.tk/tags/%E6%83%85%E6%84%9F%E7%81%B5%E9%AD%82/</link>
      <pubDate>Fri, 17 Jan 2020 20:30:04 +0800</pubDate>
      
      <guid>https://vchv.tk/tags/%E6%83%85%E6%84%9F%E7%81%B5%E9%AD%82/</guid>
      <description></description>
    </item>
    
    <item>
      <title>身体、感受</title>
      <link>https://vchv.tk/tags/%E8%BA%AB%E4%BD%93%E6%84%9F%E5%8F%97/</link>
      <pubDate>Fri, 17 Jan 2020 20:30:04 +0800</pubDate>
      
      <guid>https://vchv.tk/tags/%E8%BA%AB%E4%BD%93%E6%84%9F%E5%8F%97/</guid>
      <description></description>
    </item>
    
    <item>
      <title>定律、定理、公理</title>
      <link>https://vchv.tk/tags/%E5%AE%9A%E5%BE%8B%E5%AE%9A%E7%90%86%E5%85%AC%E7%90%86/</link>
      <pubDate>Sat, 11 Jan 2020 22:30:04 +0800</pubDate>
      
      <guid>https://vchv.tk/tags/%E5%AE%9A%E5%BE%8B%E5%AE%9A%E7%90%86%E5%85%AC%E7%90%86/</guid>
      <description></description>
    </item>
    
    <item>
      <title>数学通识</title>
      <link>https://vchv.tk/tags/%E6%95%B0%E5%AD%A6%E9%80%9A%E8%AF%86/</link>
      <pubDate>Sat, 11 Jan 2020 22:30:04 +0800</pubDate>
      
      <guid>https://vchv.tk/tags/%E6%95%B0%E5%AD%A6%E9%80%9A%E8%AF%86/</guid>
      <description></description>
    </item>
    
    <item>
      <title>计算机科学</title>
      <link>https://vchv.tk/tags/%E8%AE%A1%E7%AE%97%E6%9C%BA%E7%A7%91%E5%AD%A6/</link>
      <pubDate>Sat, 11 Jan 2020 22:30:04 +0800</pubDate>
      
      <guid>https://vchv.tk/tags/%E8%AE%A1%E7%AE%97%E6%9C%BA%E7%A7%91%E5%AD%A6/</guid>
      <description></description>
    </item>
    
    <item>
      <title>关系</title>
      <link>https://vchv.tk/tags/%E5%85%B3%E7%B3%BB/</link>
      <pubDate>Tue, 07 Jan 2020 20:30:04 +0800</pubDate>
      
      <guid>https://vchv.tk/tags/%E5%85%B3%E7%B3%BB/</guid>
      <description></description>
    </item>
    
    <item>
      <title>动力</title>
      <link>https://vchv.tk/tags/%E5%8A%A8%E5%8A%9B/</link>
      <pubDate>Tue, 07 Jan 2020 20:30:04 +0800</pubDate>
      
      <guid>https://vchv.tk/tags/%E5%8A%A8%E5%8A%9B/</guid>
      <description></description>
    </item>
    
    <item>
      <title>攻击性</title>
      <link>https://vchv.tk/tags/%E6%94%BB%E5%87%BB%E6%80%A7/</link>
      <pubDate>Tue, 07 Jan 2020 20:30:04 +0800</pubDate>
      
      <guid>https://vchv.tk/tags/%E6%94%BB%E5%87%BB%E6%80%A7/</guid>
      <description></description>
    </item>
    
    <item>
      <title>命运</title>
      <link>https://vchv.tk/tags/%E5%91%BD%E8%BF%90/</link>
      <pubDate>Thu, 02 Jan 2020 20:30:04 +0800</pubDate>
      
      <guid>https://vchv.tk/tags/%E5%91%BD%E8%BF%90/</guid>
      <description></description>
    </item>
    
    <item>
      <title>自我</title>
      <link>https://vchv.tk/tags/%E8%87%AA%E6%88%91/</link>
      <pubDate>Thu, 02 Jan 2020 20:30:04 +0800</pubDate>
      
      <guid>https://vchv.tk/tags/%E8%87%AA%E6%88%91/</guid>
      <description></description>
    </item>
    
    <item>
      <title>刻意练习</title>
      <link>https://vchv.tk/tags/%E5%88%BB%E6%84%8F%E7%BB%83%E4%B9%A0/</link>
      <pubDate>Mon, 30 Dec 2019 20:21:04 +0800</pubDate>
      
      <guid>https://vchv.tk/tags/%E5%88%BB%E6%84%8F%E7%BB%83%E4%B9%A0/</guid>
      <description></description>
    </item>
    
    <item>
      <title>学习方法</title>
      <link>https://vchv.tk/tags/%E5%AD%A6%E4%B9%A0%E6%96%B9%E6%B3%95/</link>
      <pubDate>Mon, 30 Dec 2019 20:21:04 +0800</pubDate>
      
      <guid>https://vchv.tk/tags/%E5%AD%A6%E4%B9%A0%E6%96%B9%E6%B3%95/</guid>
      <description></description>
    </item>
    
    <item>
      <title>心理表征</title>
      <link>https://vchv.tk/tags/%E5%BF%83%E7%90%86%E8%A1%A8%E5%BE%81/</link>
      <pubDate>Mon, 30 Dec 2019 20:21:04 +0800</pubDate>
      
      <guid>https://vchv.tk/tags/%E5%BF%83%E7%90%86%E8%A1%A8%E5%BE%81/</guid>
      <description></description>
    </item>
    
    <item>
      <title>苏格拉底式讨论</title>
      <link>https://vchv.tk/tags/%E8%8B%8F%E6%A0%BC%E6%8B%89%E5%BA%95%E5%BC%8F%E8%AE%A8%E8%AE%BA/</link>
      <pubDate>Mon, 30 Dec 2019 20:21:04 +0800</pubDate>
      
      <guid>https://vchv.tk/tags/%E8%8B%8F%E6%A0%BC%E6%8B%89%E5%BA%95%E5%BC%8F%E8%AE%A8%E8%AE%BA/</guid>
      <description></description>
    </item>
    
    <item>
      <title>Computer Science</title>
      <link>https://vchv.tk/tags/computer-science/</link>
      <pubDate>Sat, 28 Dec 2019 20:30:04 +0800</pubDate>
      
      <guid>https://vchv.tk/tags/computer-science/</guid>
      <description></description>
    </item>
    
    <item>
      <title>Crash Course</title>
      <link>https://vchv.tk/tags/crash-course/</link>
      <pubDate>Sat, 28 Dec 2019 20:30:04 +0800</pubDate>
      
      <guid>https://vchv.tk/tags/crash-course/</guid>
      <description></description>
    </item>
    
    <item>
      <title>十分钟速成课</title>
      <link>https://vchv.tk/tags/%E5%8D%81%E5%88%86%E9%92%9F%E9%80%9F%E6%88%90%E8%AF%BE/</link>
      <pubDate>Sat, 28 Dec 2019 20:30:04 +0800</pubDate>
      
      <guid>https://vchv.tk/tags/%E5%8D%81%E5%88%86%E9%92%9F%E9%80%9F%E6%88%90%E8%AF%BE/</guid>
      <description></description>
    </item>
    
    <item>
      <title>信息时代</title>
      <link>https://vchv.tk/tags/%E4%BF%A1%E6%81%AF%E6%97%B6%E4%BB%A3/</link>
      <pubDate>Tue, 24 Dec 2019 20:51:04 +0800</pubDate>
      
      <guid>https://vchv.tk/tags/%E4%BF%A1%E6%81%AF%E6%97%B6%E4%BB%A3/</guid>
      <description></description>
    </item>
    
    <item>
      <title>浪潮之巅</title>
      <link>https://vchv.tk/tags/%E6%B5%AA%E6%BD%AE%E4%B9%8B%E5%B7%85/</link>
      <pubDate>Tue, 24 Dec 2019 20:51:04 +0800</pubDate>
      
      <guid>https://vchv.tk/tags/%E6%B5%AA%E6%BD%AE%E4%B9%8B%E5%B7%85/</guid>
      <description></description>
    </item>
    
    <item>
      <title>2019年总结</title>
      <link>https://vchv.tk/tags/2019%E5%B9%B4%E6%80%BB%E7%BB%93/</link>
      <pubDate>Mon, 23 Dec 2019 20:30:04 +0800</pubDate>
      
      <guid>https://vchv.tk/tags/2019%E5%B9%B4%E6%80%BB%E7%BB%93/</guid>
      <description></description>
    </item>
    
    <item>
      <title>年终总结</title>
      <link>https://vchv.tk/tags/%E5%B9%B4%E7%BB%88%E6%80%BB%E7%BB%93/</link>
      <pubDate>Mon, 23 Dec 2019 20:30:04 +0800</pubDate>
      
      <guid>https://vchv.tk/tags/%E5%B9%B4%E7%BB%88%E6%80%BB%E7%BB%93/</guid>
      <description></description>
    </item>
    
    <item>
      <title>经济学课程</title>
      <link>https://vchv.tk/tags/%E7%BB%8F%E6%B5%8E%E5%AD%A6%E8%AF%BE%E7%A8%8B/</link>
      <pubDate>Sun, 22 Dec 2019 20:30:04 +0800</pubDate>
      
      <guid>https://vchv.tk/tags/%E7%BB%8F%E6%B5%8E%E5%AD%A6%E8%AF%BE%E7%A8%8B/</guid>
      <description></description>
    </item>
    
    <item>
      <title>经济学辞典</title>
      <link>https://vchv.tk/tags/%E7%BB%8F%E6%B5%8E%E5%AD%A6%E8%BE%9E%E5%85%B8/</link>
      <pubDate>Sun, 22 Dec 2019 20:30:04 +0800</pubDate>
      
      <guid>https://vchv.tk/tags/%E7%BB%8F%E6%B5%8E%E5%AD%A6%E8%BE%9E%E5%85%B8/</guid>
      <description></description>
    </item>
    
    <item>
      <title>经济学家</title>
      <link>https://vchv.tk/tags/%E7%BB%8F%E6%B5%8E%E5%AD%A6%E5%AE%B6/</link>
      <pubDate>Tue, 17 Dec 2019 20:30:04 +0800</pubDate>
      
      <guid>https://vchv.tk/tags/%E7%BB%8F%E6%B5%8E%E5%AD%A6%E5%AE%B6/</guid>
      <description></description>
    </item>
    
    <item>
      <title>经济学的应用</title>
      <link>https://vchv.tk/tags/%E7%BB%8F%E6%B5%8E%E5%AD%A6%E7%9A%84%E5%BA%94%E7%94%A8/</link>
      <pubDate>Tue, 17 Dec 2019 20:30:04 +0800</pubDate>
      
      <guid>https://vchv.tk/tags/%E7%BB%8F%E6%B5%8E%E5%AD%A6%E7%9A%84%E5%BA%94%E7%94%A8/</guid>
      <description></description>
    </item>
    
    <item>
      <title>三观</title>
      <link>https://vchv.tk/tags/%E4%B8%89%E8%A7%82/</link>
      <pubDate>Mon, 16 Dec 2019 20:50:04 +0800</pubDate>
      
      <guid>https://vchv.tk/tags/%E4%B8%89%E8%A7%82/</guid>
      <description></description>
    </item>
    
    <item>
      <title>写作知识</title>
      <link>https://vchv.tk/tags/%E5%86%99%E4%BD%9C%E7%9F%A5%E8%AF%86/</link>
      <pubDate>Mon, 16 Dec 2019 20:50:04 +0800</pubDate>
      
      <guid>https://vchv.tk/tags/%E5%86%99%E4%BD%9C%E7%9F%A5%E8%AF%86/</guid>
      <description></description>
    </item>
    
    <item>
      <title>特立独行</title>
      <link>https://vchv.tk/tags/%E7%89%B9%E7%AB%8B%E7%8B%AC%E8%A1%8C/</link>
      <pubDate>Mon, 16 Dec 2019 20:50:04 +0800</pubDate>
      
      <guid>https://vchv.tk/tags/%E7%89%B9%E7%AB%8B%E7%8B%AC%E8%A1%8C/</guid>
      <description></description>
    </item>
    
    <item>
      <title>观念</title>
      <link>https://vchv.tk/tags/%E8%A7%82%E5%BF%B5/</link>
      <pubDate>Mon, 16 Dec 2019 20:50:04 +0800</pubDate>
      
      <guid>https://vchv.tk/tags/%E8%A7%82%E5%BF%B5/</guid>
      <description></description>
    </item>
    
    <item>
      <title>公共选择</title>
      <link>https://vchv.tk/tags/%E5%85%AC%E5%85%B1%E9%80%89%E6%8B%A9/</link>
      <pubDate>Sun, 15 Dec 2019 06:30:04 +0800</pubDate>
      
      <guid>https://vchv.tk/tags/%E5%85%AC%E5%85%B1%E9%80%89%E6%8B%A9/</guid>
      <description></description>
    </item>
    
    <item>
      <title>宏观经济学</title>
      <link>https://vchv.tk/tags/%E5%AE%8F%E8%A7%82%E7%BB%8F%E6%B5%8E%E5%AD%A6/</link>
      <pubDate>Sun, 15 Dec 2019 06:30:04 +0800</pubDate>
      
      <guid>https://vchv.tk/tags/%E5%AE%8F%E8%A7%82%E7%BB%8F%E6%B5%8E%E5%AD%A6/</guid>
      <description></description>
    </item>
    
    <item>
      <title>小新Pro13</title>
      <link>https://vchv.tk/tags/%E5%B0%8F%E6%96%B0pro13/</link>
      <pubDate>Sat, 14 Dec 2019 19:30:04 +0800</pubDate>
      
      <guid>https://vchv.tk/tags/%E5%B0%8F%E6%96%B0pro13/</guid>
      <description></description>
    </item>
    
    <item>
      <title>笔记本</title>
      <link>https://vchv.tk/tags/%E7%AC%94%E8%AE%B0%E6%9C%AC/</link>
      <pubDate>Sat, 14 Dec 2019 19:30:04 +0800</pubDate>
      
      <guid>https://vchv.tk/tags/%E7%AC%94%E8%AE%B0%E6%9C%AC/</guid>
      <description></description>
    </item>
    
    <item>
      <title>信任</title>
      <link>https://vchv.tk/tags/%E4%BF%A1%E4%BB%BB/</link>
      <pubDate>Sun, 08 Dec 2019 20:30:04 +0800</pubDate>
      
      <guid>https://vchv.tk/tags/%E4%BF%A1%E4%BB%BB/</guid>
      <description></description>
    </item>
    
    <item>
      <title>分工</title>
      <link>https://vchv.tk/tags/%E5%88%86%E5%B7%A5/</link>
      <pubDate>Sun, 08 Dec 2019 20:30:04 +0800</pubDate>
      
      <guid>https://vchv.tk/tags/%E5%88%86%E5%B7%A5/</guid>
      <description></description>
    </item>
    
    <item>
      <title>时间</title>
      <link>https://vchv.tk/tags/%E6%97%B6%E9%97%B4/</link>
      <pubDate>Sun, 08 Dec 2019 20:30:04 +0800</pubDate>
      
      <guid>https://vchv.tk/tags/%E6%97%B6%E9%97%B4/</guid>
      <description></description>
    </item>
    
    <item>
      <title>权利</title>
      <link>https://vchv.tk/tags/%E6%9D%83%E5%88%A9/</link>
      <pubDate>Sun, 08 Dec 2019 20:30:04 +0800</pubDate>
      
      <guid>https://vchv.tk/tags/%E6%9D%83%E5%88%A9/</guid>
      <description></description>
    </item>
    
    <item>
      <title>价格</title>
      <link>https://vchv.tk/tags/%E4%BB%B7%E6%A0%BC/</link>
      <pubDate>Tue, 03 Dec 2019 20:30:04 +0800</pubDate>
      
      <guid>https://vchv.tk/tags/%E4%BB%B7%E6%A0%BC/</guid>
      <description></description>
    </item>
    
    <item>
      <title>成本</title>
      <link>https://vchv.tk/tags/%E6%88%90%E6%9C%AC/</link>
      <pubDate>Tue, 03 Dec 2019 20:30:04 +0800</pubDate>
      
      <guid>https://vchv.tk/tags/%E6%88%90%E6%9C%AC/</guid>
      <description></description>
    </item>
    
    <item>
      <title>稀缺</title>
      <link>https://vchv.tk/tags/%E7%A8%80%E7%BC%BA/</link>
      <pubDate>Tue, 03 Dec 2019 20:30:04 +0800</pubDate>
      
      <guid>https://vchv.tk/tags/%E7%A8%80%E7%BC%BA/</guid>
      <description></description>
    </item>
    
    <item>
      <title>需求</title>
      <link>https://vchv.tk/tags/%E9%9C%80%E6%B1%82/</link>
      <pubDate>Tue, 03 Dec 2019 20:30:04 +0800</pubDate>
      
      <guid>https://vchv.tk/tags/%E9%9C%80%E6%B1%82/</guid>
      <description></description>
    </item>
    
    <item>
      <title>购物</title>
      <link>https://vchv.tk/tags/%E8%B4%AD%E7%89%A9/</link>
      <pubDate>Thu, 21 Nov 2019 18:30:04 +0800</pubDate>
      
      <guid>https://vchv.tk/tags/%E8%B4%AD%E7%89%A9/</guid>
      <description></description>
    </item>
    
    <item>
      <title>写作环境</title>
      <link>https://vchv.tk/tags/%E5%86%99%E4%BD%9C%E7%8E%AF%E5%A2%83/</link>
      <pubDate>Sun, 20 Oct 2019 14:30:04 +0800</pubDate>
      
      <guid>https://vchv.tk/tags/%E5%86%99%E4%BD%9C%E7%8E%AF%E5%A2%83/</guid>
      <description></description>
    </item>
    
  </channel>
</rss>