<?xml version="1.0" encoding="utf-8" standalone="yes"?>
<rss version="2.0" xmlns:atom="http://www.w3.org/2005/Atom">
  <channel>
    <title>markdown on Vchv - 书写过往，让前路更清晰</title>
    <link>https://vchv.tk/tags/markdown/</link>
    <description>Recent content in markdown on Vchv - 书写过往，让前路更清晰</description>
    <generator>Hugo -- gohugo.io</generator>
    <language>en</language>
    <copyright>vchv</copyright>
    <lastBuildDate>Wed, 15 Apr 2020 13:30:04 +0800</lastBuildDate>
    
	<atom:link href="https://vchv.tk/tags/markdown/index.xml" rel="self" type="application/rss+xml" />
    
    
    <item>
      <title>正确使用Markdown</title>
      <link>https://vchv.tk/use-markdown-in-a-proper-way/</link>
      <pubDate>Wed, 15 Apr 2020 13:30:04 +0800</pubDate>
      
      <guid>https://vchv.tk/use-markdown-in-a-proper-way/</guid>
      <description>良好的习惯 不要滥用标题，注意标题的语义：表明层级关系。所以请按顺序使用，一定不要跳着用；使用**来加粗文段，而不是使用标题。总之，标题的使用</description>
    </item>
    
    <item>
      <title>使用hugo和Markdown来写博客</title>
      <link>https://vchv.tk/write-blog-by-hugo/</link>
      <pubDate>Sun, 20 Oct 2019 14:30:04 +0800</pubDate>
      
      <guid>https://vchv.tk/write-blog-by-hugo/</guid>
      <description>前言 梳理杂乱的思绪与生活，便签太丑，没层次，写完更乱了？你可能需要幕布了。 码字发布很简单，但如果想把文章从“A平台”移到“B平台”怎么办？你</description>
    </item>
    
  </channel>
</rss>