<?xml version="1.0" encoding="utf-8" standalone="yes"?>
<rss version="2.0" xmlns:atom="http://www.w3.org/2005/Atom">
  <channel>
    <title>Categories on Vchv - 书写过往，让前路更清晰</title>
    <link>https://vchv.tk/categories/</link>
    <description>Recent content in Categories on Vchv - 书写过往，让前路更清晰</description>
    <generator>Hugo -- gohugo.io</generator>
    <language>en</language>
    <copyright>vchv</copyright>
    <lastBuildDate>Wed, 15 Apr 2020 13:30:04 +0800</lastBuildDate>
    
	<atom:link href="https://vchv.tk/categories/index.xml" rel="self" type="application/rss+xml" />
    
    
    <item>
      <title>应用技术</title>
      <link>https://vchv.tk/categories/%E5%BA%94%E7%94%A8%E6%8A%80%E6%9C%AF/</link>
      <pubDate>Wed, 15 Apr 2020 13:30:04 +0800</pubDate>
      
      <guid>https://vchv.tk/categories/%E5%BA%94%E7%94%A8%E6%8A%80%E6%9C%AF/</guid>
      <description></description>
    </item>
    
    <item>
      <title>计算机科学</title>
      <link>https://vchv.tk/categories/%E8%AE%A1%E7%AE%97%E6%9C%BA%E7%A7%91%E5%AD%A6/</link>
      <pubDate>Sun, 05 Apr 2020 19:30:04 +0800</pubDate>
      
      <guid>https://vchv.tk/categories/%E8%AE%A1%E7%AE%97%E6%9C%BA%E7%A7%91%E5%AD%A6/</guid>
      <description></description>
    </item>
    
    <item>
      <title>心理学</title>
      <link>https://vchv.tk/categories/%E5%BF%83%E7%90%86%E5%AD%A6/</link>
      <pubDate>Mon, 30 Mar 2020 19:30:04 +0800</pubDate>
      
      <guid>https://vchv.tk/categories/%E5%BF%83%E7%90%86%E5%AD%A6/</guid>
      <description></description>
    </item>
    
    <item>
      <title>日常生活</title>
      <link>https://vchv.tk/categories/%E6%97%A5%E5%B8%B8%E7%94%9F%E6%B4%BB/</link>
      <pubDate>Thu, 26 Mar 2020 20:30:04 +0800</pubDate>
      
      <guid>https://vchv.tk/categories/%E6%97%A5%E5%B8%B8%E7%94%9F%E6%B4%BB/</guid>
      <description></description>
    </item>
    
    <item>
      <title>读书笔记</title>
      <link>https://vchv.tk/categories/%E8%AF%BB%E4%B9%A6%E7%AC%94%E8%AE%B0/</link>
      <pubDate>Sat, 11 Jan 2020 22:30:04 +0800</pubDate>
      
      <guid>https://vchv.tk/categories/%E8%AF%BB%E4%B9%A6%E7%AC%94%E8%AE%B0/</guid>
      <description></description>
    </item>
    
    <item>
      <title>经济学</title>
      <link>https://vchv.tk/categories/%E7%BB%8F%E6%B5%8E%E5%AD%A6/</link>
      <pubDate>Sun, 22 Dec 2019 20:30:04 +0800</pubDate>
      
      <guid>https://vchv.tk/categories/%E7%BB%8F%E6%B5%8E%E5%AD%A6/</guid>
      <description></description>
    </item>
    
  </channel>
</rss>