<?xml version="1.0" encoding="utf-8" standalone="yes"?>
<rss version="2.0" xmlns:atom="http://www.w3.org/2005/Atom">
  <channel>
    <title>苏格拉底式讨论 on Vchv - 书写过往，让前路更清晰</title>
    <link>https://vchv.tk/tags/%E8%8B%8F%E6%A0%BC%E6%8B%89%E5%BA%95%E5%BC%8F%E8%AE%A8%E8%AE%BA/</link>
    <description>Recent content in 苏格拉底式讨论 on Vchv - 书写过往，让前路更清晰</description>
    <generator>Hugo -- gohugo.io</generator>
    <language>en</language>
    <copyright>vchv</copyright>
    <lastBuildDate>Mon, 30 Dec 2019 20:21:04 +0800</lastBuildDate>
    
	<atom:link href="https://vchv.tk/tags/%E8%8B%8F%E6%A0%BC%E6%8B%89%E5%BA%95%E5%BC%8F%E8%AE%A8%E8%AE%BA/index.xml" rel="self" type="application/rss+xml" />
    
    
    <item>
      <title>刻意练习：如何从新手到大师</title>
      <link>https://vchv.tk/deliberate-practice/</link>
      <pubDate>Mon, 30 Dec 2019 20:21:04 +0800</pubDate>
      
      <guid>https://vchv.tk/deliberate-practice/</guid>
      <description>前言 一个关于如何学习的学习方法论，必须要学习一下了。 我怀疑我近半年的工作已经在利用它的一些知识了，现在来系统性的读一下书，与自己的想法进行印</description>
    </item>
    
  </channel>
</rss>