<?xml version="1.0" encoding="utf-8" standalone="yes"?>
<rss version="2.0" xmlns:atom="http://www.w3.org/2005/Atom">
  <channel>
    <title>经济学的应用 on Vchv - 书写过往，让前路更清晰</title>
    <link>https://vchv.tk/tags/%E7%BB%8F%E6%B5%8E%E5%AD%A6%E7%9A%84%E5%BA%94%E7%94%A8/</link>
    <description>Recent content in 经济学的应用 on Vchv - 书写过往，让前路更清晰</description>
    <generator>Hugo -- gohugo.io</generator>
    <language>en</language>
    <copyright>vchv</copyright>
    <lastBuildDate>Tue, 17 Dec 2019 20:30:04 +0800</lastBuildDate>
    
	<atom:link href="https://vchv.tk/tags/%E7%BB%8F%E6%B5%8E%E5%AD%A6%E7%9A%84%E5%BA%94%E7%94%A8/index.xml" rel="self" type="application/rss+xml" />
    
    
    <item>
      <title>经济学课之四（经济学家、经济学的应用）</title>
      <link>https://vchv.tk/economics-about-economists-and-attribution/</link>
      <pubDate>Tue, 17 Dec 2019 20:30:04 +0800</pubDate>
      
      <guid>https://vchv.tk/economics-about-economists-and-attribution/</guid>
      <description>前言 认识凯恩斯、哈耶克、弗里德曼、阿尔钦、科斯等经济学大家。 新概念新收获 相关性与因果性 事与愿违的政策让我重新思考我自身的主观能动性，经济学全</description>
    </item>
    
  </channel>
</rss>