<?xml version="1.0" encoding="utf-8" standalone="yes"?>
<rss version="2.0" xmlns:atom="http://www.w3.org/2005/Atom">
  <channel>
    <title>动力 on Vchv - 书写过往，让前路更清晰</title>
    <link>https://vchv.tk/tags/%E5%8A%A8%E5%8A%9B/</link>
    <description>Recent content in 动力 on Vchv - 书写过往，让前路更清晰</description>
    <generator>Hugo -- gohugo.io</generator>
    <language>en</language>
    <copyright>vchv</copyright>
    <lastBuildDate>Tue, 07 Jan 2020 20:30:04 +0800</lastBuildDate>
    
	<atom:link href="https://vchv.tk/tags/%E5%8A%A8%E5%8A%9B/index.xml" rel="self" type="application/rss+xml" />
    
    
    <item>
      <title>心理学课之二（关系、动力）</title>
      <link>https://vchv.tk/relations-and-motive/</link>
      <pubDate>Tue, 07 Jan 2020 20:30:04 +0800</pubDate>
      
      <guid>https://vchv.tk/relations-and-motive/</guid>
      <description>新知 要成为抱持的容器，而不是拿着尺子去评判他人，如果发现别人有什么事实上的谬误，只是询问他就好，不要给别人建议，当他人的老师。 认真倾听别人的</description>
    </item>
    
  </channel>
</rss>