<?xml version="1.0" encoding="utf-8" standalone="yes"?>
<rss version="2.0" xmlns:atom="http://www.w3.org/2005/Atom">
  <channel>
    <title>写作环境 on Vchv - 书写过往，让前路更清晰</title>
    <link>https://vchv.tk/tags/%E5%86%99%E4%BD%9C%E7%8E%AF%E5%A2%83/</link>
    <description>Recent content in 写作环境 on Vchv - 书写过往，让前路更清晰</description>
    <generator>Hugo -- gohugo.io</generator>
    <language>en</language>
    <copyright>vchv</copyright>
    <lastBuildDate>Sun, 20 Oct 2019 14:30:04 +0800</lastBuildDate>
    
	<atom:link href="https://vchv.tk/tags/%E5%86%99%E4%BD%9C%E7%8E%AF%E5%A2%83/index.xml" rel="self" type="application/rss+xml" />
    
    
    <item>
      <title>使用hugo和Markdown来写博客</title>
      <link>https://vchv.tk/write-blog-by-hugo/</link>
      <pubDate>Sun, 20 Oct 2019 14:30:04 +0800</pubDate>
      
      <guid>https://vchv.tk/write-blog-by-hugo/</guid>
      <description>前言 梳理杂乱的思绪与生活，便签太丑，没层次，写完更乱了？你可能需要幕布了。 码字发布很简单，但如果想把文章从“A平台”移到“B平台”怎么办？你</description>
    </item>
    
  </channel>
</rss>