<?xml version="1.0" encoding="utf-8" standalone="yes"?>
<rss version="2.0" xmlns:atom="http://www.w3.org/2005/Atom">
  <channel>
    <title>十分钟速成课 on Vchv - 书写过往，让前路更清晰</title>
    <link>https://vchv.tk/tags/%E5%8D%81%E5%88%86%E9%92%9F%E9%80%9F%E6%88%90%E8%AF%BE/</link>
    <description>Recent content in 十分钟速成课 on Vchv - 书写过往，让前路更清晰</description>
    <generator>Hugo -- gohugo.io</generator>
    <language>en</language>
    <copyright>vchv</copyright>
    <lastBuildDate>Sat, 28 Dec 2019 20:30:04 +0800</lastBuildDate>
    
	<atom:link href="https://vchv.tk/tags/%E5%8D%81%E5%88%86%E9%92%9F%E9%80%9F%E6%88%90%E8%AF%BE/index.xml" rel="self" type="application/rss+xml" />
    
    
    <item>
      <title>Crash Course Computer Science</title>
      <link>https://vchv.tk/crash-course-computer-science/</link>
      <pubDate>Sat, 28 Dec 2019 20:30:04 +0800</pubDate>
      
      <guid>https://vchv.tk/crash-course-computer-science/</guid>
      <description>前言 第二次看这个，精看深究细节+学英语，计划慢慢来，每天看一个小片段。 1914-1918 第一次世界大战 1939-1945 第二次世界大战 1947-1991 冷战、太空竞赛、军备（核武器）竞赛 1912.1.1-1949.12.7</description>
    </item>
    
  </channel>
</rss>